{"cameraMode":{"drawMode":0,"name":"Shaded","section":"Shading Mode"},"sceneLighting":true,"audioPlay":false,"sceneViewState":{"showFog":true,"showMaterialUpdate":false,"showSkybox":true,"showFlares":true,"showImageEffects":true,"showParticleSystems":true},"in2DMode":false,"pivot":{"x":3.6787638664245607,"y":0.2399490922689438,"z":-1.2156169414520264},"rotation":{"x":0.16604673862457276,"y":0.5811915993690491,"z":-0.12260132282972336,"w":0.7871554493904114},"size":32.22511291503906,"orthographic":false}